Model_Name,loss,mean_absolute_error,mean_squared_error,accuracy
Autoregressive,0.9829485416412354,0.728517472743988,0.9829486608505249,
Single Shot,1.1237305402755737,0.779351532459259,1.1237304210662842,
Regressive Model,0.46837520599365234,0.5098628401756287,0.46837520599365234,
Regressive Baseline,0.483763201417623,0.49231046524070576,0.483763201417623,
Classification Model,0.40256351232528687,,,0.790637195110321
Classification Baseline,,,,0.2964889466840052
