Model_Name,loss,mean_absolute_error,mean_squared_error,accuracy
Autoregressive,1.0521910190582275,0.7574151158332825,1.0521910190582275,
Single Shot,0.9266951680183411,0.7217572927474976,0.9266952872276306,
Regressive Model,0.4601763188838959,0.5074870586395264,0.4601763188838959,
Regressive Baseline,0.483763201417623,0.49231046524070576,0.483763201417623,
Classification Model,0.3919030427932739,,,0.8010402917861938
Classification Baseline,,,,0.34980494148244473
