Model_Name,loss,mean_absolute_error,mean_squared_error,accuracy
Autoregressive,0.8812577128410339,0.725634753704071,0.8812577128410339,
Single Shot,1.2399439811706543,0.8050767183303833,1.2399438619613647,
Regressive Model,0.4612131714820862,0.5114011764526367,0.4612131714820862,
RNN Regressive Model,1.1284031867980957,0.8568421006202698,1.1284031867980957,
Regressive Baseline,0.483763201417623,0.49231046524070576,0.483763201417623,
Classification Model,0.412640243768692,,,0.768530547618866
Classification Baseline,,,,0.29128738621586475
