Model_Name,loss,mean_absolute_error,mean_squared_error,accuracy
Autoregressive,0.4009317457675934,0.5402510762214661,0.4009317457675934,
Single Shot,0.31582194566726685,0.43958958983421326,0.31582194566726685,
Regressive Model,0.34212276339530945,0.3739308714866638,0.34212276339530945,
RNN Regressive Model,0.984649121761322,0.8785308599472046,0.9846490621566772,
Regressive Baseline,0.35770646815502816,0.36152113404277336,0.35770646815502816,
Classification Model,0.5109976530075073,,,0.7568492889404297
Classification Baseline,,,,0.2945205479452055
