Model_Name,loss,mean_absolute_error,mean_squared_error,accuracy
Autoregressive,0.4225977659225464,0.5588721036911011,0.422597736120224,
Single Shot,0.33444032073020935,0.46666860580444336,0.33444032073020935,
Regressive Model,0.36059439182281494,0.38539162278175354,0.36059439182281494,
Regressive Baseline,0.35770646815502816,0.36152113404277336,0.35770646815502816,
Classification Model,0.5051194429397583,,,0.7568492889404297
Classification Baseline,,,,0.3527397260273973
