Model_Name,loss,mean_absolute_error,mean_squared_error,accuracy
Autoregressive,0.2835175395011902,0.37793201208114624,0.2835175395011902,
Single Shot,0.2964255213737488,0.40193986892700195,0.2964255213737488,
Regressive Model,0.35805970430374146,0.3852071464061737,0.35805970430374146,
Regressive Baseline,0.35770646815502816,0.36152113404277336,0.35770646815502816,
Classification Model,0.5008573532104492,,,0.7636986374855042
Classification Baseline,,,,0.2842465753424658
